tau,T,success_rate
10.0,1000.0,0.0
10.0,1623.7767391887226,0.0
10.0,2636.650898730358,0.0
10.0,4281.332398719395,0.0
10.0,6951.927961775606,0.0
10.0,11288.378916846883,0.0
10.0,18329.807108324374,0.0
10.0,29763.51441631319,0.0
10.0,48329.30238571752,0.0
10.0,78475.99703514607,0.0
10.0,127427.49857031347,0.0
10.0,206913.808111479,0.0
10.0,335981.8286283781,0.04
10.0,545559.4781168514,0.04
10.0,885866.7904100833,0.08
10.0,1.438449888287663e6,0.02
10.0,2.3357214690901213e6,0.06
10.0,3.792690190732246e6,0.06
10.0,6.158482110660267e6,0.04
10.0,1.0e7,0.02
18.329807108324356,1000.0,0.0
18.329807108324356,1623.7767391887226,0.0
18.329807108324356,2636.650898730358,0.0
18.329807108324356,4281.332398719395,0.0
18.329807108324356,6951.927961775606,0.0
18.329807108324356,11288.378916846883,0.0
18.329807108324356,18329.807108324374,0.0
18.329807108324356,29763.51441631319,0.0
18.329807108324356,48329.30238571752,0.06
18.329807108324356,78475.99703514607,0.12
18.329807108324356,127427.49857031347,0.4
18.329807108324356,206913.808111479,0.42
18.329807108324356,335981.8286283781,0.58
18.329807108324356,545559.4781168514,0.6
18.329807108324356,885866.7904100833,0.72
18.329807108324356,1.438449888287663e6,0.7
18.329807108324356,2.3357214690901213e6,0.68
18.329807108324356,3.792690190732246e6,0.8
18.329807108324356,6.158482110660267e6,0.82
18.329807108324356,1.0e7,0.82
33.59818286283783,1000.0,0.0
33.59818286283783,1623.7767391887226,0.0
33.59818286283783,2636.650898730358,0.0
33.59818286283783,4281.332398719395,0.0
33.59818286283783,6951.927961775606,0.0
33.59818286283783,11288.378916846883,0.0
33.59818286283783,18329.807108324374,0.0
33.59818286283783,29763.51441631319,0.02
33.59818286283783,48329.30238571752,0.12
33.59818286283783,78475.99703514607,0.34
33.59818286283783,127427.49857031347,0.54
33.59818286283783,206913.808111479,0.6
33.59818286283783,335981.8286283781,0.76
33.59818286283783,545559.4781168514,0.86
33.59818286283783,885866.7904100833,0.82
33.59818286283783,1.438449888287663e6,0.86
33.59818286283783,2.3357214690901213e6,0.9
33.59818286283783,3.792690190732246e6,0.98
33.59818286283783,6.158482110660267e6,0.94
33.59818286283783,1.0e7,1.0
61.58482110660264,1000.0,0.0
61.58482110660264,1623.7767391887226,0.0
61.58482110660264,2636.650898730358,0.0
61.58482110660264,4281.332398719395,0.0
61.58482110660264,6951.927961775606,0.0
61.58482110660264,11288.378916846883,0.0
61.58482110660264,18329.807108324374,0.0
61.58482110660264,29763.51441631319,0.0
61.58482110660264,48329.30238571752,0.0
61.58482110660264,78475.99703514607,0.2
61.58482110660264,127427.49857031347,0.36
61.58482110660264,206913.808111479,0.58
61.58482110660264,335981.8286283781,0.62
61.58482110660264,545559.4781168514,0.76
61.58482110660264,885866.7904100833,0.84
61.58482110660264,1.438449888287663e6,0.92
61.58482110660264,2.3357214690901213e6,0.86
61.58482110660264,3.792690190732246e6,0.98
61.58482110660264,6.158482110660267e6,1.0
61.58482110660264,1.0e7,0.96
112.88378916846895,1000.0,0.0
112.88378916846895,1623.7767391887226,0.0
112.88378916846895,2636.650898730358,0.0
112.88378916846895,4281.332398719395,0.0
112.88378916846895,6951.927961775606,0.0
112.88378916846895,11288.378916846883,0.0
112.88378916846895,18329.807108324374,0.0
112.88378916846895,29763.51441631319,0.0
112.88378916846895,48329.30238571752,0.0
112.88378916846895,78475.99703514607,0.0
112.88378916846895,127427.49857031347,0.32
112.88378916846895,206913.808111479,0.44
112.88378916846895,335981.8286283781,0.64
112.88378916846895,545559.4781168514,0.74
112.88378916846895,885866.7904100833,0.74
112.88378916846895,1.438449888287663e6,0.92
112.88378916846895,2.3357214690901213e6,0.94
112.88378916846895,3.792690190732246e6,0.98
112.88378916846895,6.158482110660267e6,0.96
112.88378916846895,1.0e7,1.0
206.913808111479,1000.0,0.0
206.913808111479,1623.7767391887226,0.0
206.913808111479,2636.650898730358,0.0
206.913808111479,4281.332398719395,0.0
206.913808111479,6951.927961775606,0.0
206.913808111479,11288.378916846883,0.0
206.913808111479,18329.807108324374,0.0
206.913808111479,29763.51441631319,0.0
206.913808111479,48329.30238571752,0.0
206.913808111479,78475.99703514607,0.0
206.913808111479,127427.49857031347,0.0
206.913808111479,206913.808111479,0.16
206.913808111479,335981.8286283781,0.4
206.913808111479,545559.4781168514,0.56
206.913808111479,885866.7904100833,0.68
206.913808111479,1.438449888287663e6,0.8
206.913808111479,2.3357214690901213e6,0.88
206.913808111479,3.792690190732246e6,0.98
206.913808111479,6.158482110660267e6,0.98
206.913808111479,1.0e7,0.98
379.26901907322497,1000.0,0.0
379.26901907322497,1623.7767391887226,0.0
379.26901907322497,2636.650898730358,0.0
379.26901907322497,4281.332398719395,0.0
379.26901907322497,6951.927961775606,0.0
379.26901907322497,11288.378916846883,0.0
379.26901907322497,18329.807108324374,0.0
379.26901907322497,29763.51441631319,0.0
379.26901907322497,48329.30238571752,0.0
379.26901907322497,78475.99703514607,0.0
379.26901907322497,127427.49857031347,0.0
379.26901907322497,206913.808111479,0.0
379.26901907322497,335981.8286283781,0.12
379.26901907322497,545559.4781168514,0.28
379.26901907322497,885866.7904100833,0.6
379.26901907322497,1.438449888287663e6,0.72
379.26901907322497,2.3357214690901213e6,0.84
379.26901907322497,3.792690190732246e6,0.9
379.26901907322497,6.158482110660267e6,0.88
379.26901907322497,1.0e7,0.98
695.1927961775606,1000.0,0.0
695.1927961775606,1623.7767391887226,0.0
695.1927961775606,2636.650898730358,0.0
695.1927961775606,4281.332398719395,0.0
695.1927961775606,6951.927961775606,0.0
695.1927961775606,11288.378916846883,0.0
695.1927961775606,18329.807108324374,0.0
695.1927961775606,29763.51441631319,0.0
695.1927961775606,48329.30238571752,0.0
695.1927961775606,78475.99703514607,0.0
695.1927961775606,127427.49857031347,0.0
695.1927961775606,206913.808111479,0.0
695.1927961775606,335981.8286283781,0.0
695.1927961775606,545559.4781168514,0.1
695.1927961775606,885866.7904100833,0.54
695.1927961775606,1.438449888287663e6,0.58
695.1927961775606,2.3357214690901213e6,0.7
695.1927961775606,3.792690190732246e6,0.8
695.1927961775606,6.158482110660267e6,0.92
695.1927961775606,1.0e7,0.92
1274.2749857031336,1000.0,0.0
1274.2749857031336,1623.7767391887226,0.0
1274.2749857031336,2636.650898730358,0.0
1274.2749857031336,4281.332398719395,0.0
1274.2749857031336,6951.927961775606,0.0
1274.2749857031336,11288.378916846883,0.0
1274.2749857031336,18329.807108324374,0.0
1274.2749857031336,29763.51441631319,0.0
1274.2749857031336,48329.30238571752,0.0
1274.2749857031336,78475.99703514607,0.0
1274.2749857031336,127427.49857031347,0.0
1274.2749857031336,206913.808111479,0.0
1274.2749857031336,335981.8286283781,0.0
1274.2749857031336,545559.4781168514,0.0
1274.2749857031336,885866.7904100833,0.0
1274.2749857031336,1.438449888287663e6,0.34
1274.2749857031336,2.3357214690901213e6,0.5
1274.2749857031336,3.792690190732246e6,0.74
1274.2749857031336,6.158482110660267e6,0.68
1274.2749857031336,1.0e7,0.9
2335.7214690901214,1000.0,0.0
2335.7214690901214,1623.7767391887226,0.0
2335.7214690901214,2636.650898730358,0.0
2335.7214690901214,4281.332398719395,0.0
2335.7214690901214,6951.927961775606,0.0
2335.7214690901214,11288.378916846883,0.0
2335.7214690901214,18329.807108324374,0.0
2335.7214690901214,29763.51441631319,0.0
2335.7214690901214,48329.30238571752,0.0
2335.7214690901214,78475.99703514607,0.0
2335.7214690901214,127427.49857031347,0.0
2335.7214690901214,206913.808111479,0.0
2335.7214690901214,335981.8286283781,0.0
2335.7214690901214,545559.4781168514,0.0
2335.7214690901214,885866.7904100833,0.0
2335.7214690901214,1.438449888287663e6,0.0
2335.7214690901214,2.3357214690901213e6,0.34
2335.7214690901214,3.792690190732246e6,0.4
2335.7214690901214,6.158482110660267e6,0.7
2335.7214690901214,1.0e7,0.88
4281.332398719395,1000.0,0.0
4281.332398719395,1623.7767391887226,0.0
4281.332398719395,2636.650898730358,0.0
4281.332398719395,4281.332398719395,0.0
4281.332398719395,6951.927961775606,0.0
4281.332398719395,11288.378916846883,0.0
4281.332398719395,18329.807108324374,0.0
4281.332398719395,29763.51441631319,0.0
4281.332398719395,48329.30238571752,0.0
4281.332398719395,78475.99703514607,0.0
4281.332398719395,127427.49857031347,0.0
4281.332398719395,206913.808111479,0.0
4281.332398719395,335981.8286283781,0.0
4281.332398719395,545559.4781168514,0.0
4281.332398719395,885866.7904100833,0.0
4281.332398719395,1.438449888287663e6,0.0
4281.332398719395,2.3357214690901213e6,0.0
4281.332398719395,3.792690190732246e6,0.14
4281.332398719395,6.158482110660267e6,0.46
4281.332398719395,1.0e7,0.7
7847.599703514615,1000.0,0.0
7847.599703514615,1623.7767391887226,0.0
7847.599703514615,2636.650898730358,0.0
7847.599703514615,4281.332398719395,0.0
7847.599703514615,6951.927961775606,0.0
7847.599703514615,11288.378916846883,0.0
7847.599703514615,18329.807108324374,0.0
7847.599703514615,29763.51441631319,0.0
7847.599703514615,48329.30238571752,0.0
7847.599703514615,78475.99703514607,0.0
7847.599703514615,127427.49857031347,0.0
7847.599703514615,206913.808111479,0.0
7847.599703514615,335981.8286283781,0.0
7847.599703514615,545559.4781168514,0.0
7847.599703514615,885866.7904100833,0.0
7847.599703514615,1.438449888287663e6,0.0
7847.599703514615,2.3357214690901213e6,0.0
7847.599703514615,3.792690190732246e6,0.0
7847.599703514615,6.158482110660267e6,0.14
7847.599703514615,1.0e7,0.3
14384.498882876629,1000.0,0.0
14384.498882876629,1623.7767391887226,0.0
14384.498882876629,2636.650898730358,0.0
14384.498882876629,4281.332398719395,0.0
14384.498882876629,6951.927961775606,0.0
14384.498882876629,11288.378916846883,0.0
14384.498882876629,18329.807108324374,0.0
14384.498882876629,29763.51441631319,0.0
14384.498882876629,48329.30238571752,0.0
14384.498882876629,78475.99703514607,0.0
14384.498882876629,127427.49857031347,0.0
14384.498882876629,206913.808111479,0.0
14384.498882876629,335981.8286283781,0.0
14384.498882876629,545559.4781168514,0.0
14384.498882876629,885866.7904100833,0.0
14384.498882876629,1.438449888287663e6,0.0
14384.498882876629,2.3357214690901213e6,0.0
14384.498882876629,3.792690190732246e6,0.0
14384.498882876629,6.158482110660267e6,0.0
14384.498882876629,1.0e7,0.04
26366.50898730361,1000.0,0.0
26366.50898730361,1623.7767391887226,0.0
26366.50898730361,2636.650898730358,0.0
26366.50898730361,4281.332398719395,0.0
26366.50898730361,6951.927961775606,0.0
26366.50898730361,11288.378916846883,0.0
26366.50898730361,18329.807108324374,0.0
26366.50898730361,29763.51441631319,0.0
26366.50898730361,48329.30238571752,0.0
26366.50898730361,78475.99703514607,0.0
26366.50898730361,127427.49857031347,0.0
26366.50898730361,206913.808111479,0.0
26366.50898730361,335981.8286283781,0.0
26366.50898730361,545559.4781168514,0.0
26366.50898730361,885866.7904100833,0.0
26366.50898730361,1.438449888287663e6,0.0
26366.50898730361,2.3357214690901213e6,0.0
26366.50898730361,3.792690190732246e6,0.0
26366.50898730361,6.158482110660267e6,0.0
26366.50898730361,1.0e7,0.0
48329.30238571752,1000.0,0.0
48329.30238571752,1623.7767391887226,0.0
48329.30238571752,2636.650898730358,0.0
48329.30238571752,4281.332398719395,0.0
48329.30238571752,6951.927961775606,0.0
48329.30238571752,11288.378916846883,0.0
48329.30238571752,18329.807108324374,0.0
48329.30238571752,29763.51441631319,0.0
48329.30238571752,48329.30238571752,0.0
48329.30238571752,78475.99703514607,0.0
48329.30238571752,127427.49857031347,0.0
48329.30238571752,206913.808111479,0.0
48329.30238571752,335981.8286283781,0.0
48329.30238571752,545559.4781168514,0.0
48329.30238571752,885866.7904100833,0.0
48329.30238571752,1.438449888287663e6,0.0
48329.30238571752,2.3357214690901213e6,0.0
48329.30238571752,3.792690190732246e6,0.0
48329.30238571752,6.158482110660267e6,0.0
48329.30238571752,1.0e7,0.0
88586.67904100832,1000.0,0.0
88586.67904100832,1623.7767391887226,0.0
88586.67904100832,2636.650898730358,0.0
88586.67904100832,4281.332398719395,0.0
88586.67904100832,6951.927961775606,0.0
88586.67904100832,11288.378916846883,0.0
88586.67904100832,18329.807108324374,0.0
88586.67904100832,29763.51441631319,0.0
88586.67904100832,48329.30238571752,0.0
88586.67904100832,78475.99703514607,0.0
88586.67904100832,127427.49857031347,0.0
88586.67904100832,206913.808111479,0.0
88586.67904100832,335981.8286283781,0.0
88586.67904100832,545559.4781168514,0.0
88586.67904100832,885866.7904100833,0.0
88586.67904100832,1.438449888287663e6,0.0
88586.67904100832,2.3357214690901213e6,0.0
88586.67904100832,3.792690190732246e6,0.0
88586.67904100832,6.158482110660267e6,0.0
88586.67904100832,1.0e7,0.0
162377.67391887208,1000.0,0.0
162377.67391887208,1623.7767391887226,0.0
162377.67391887208,2636.650898730358,0.0
162377.67391887208,4281.332398719395,0.0
162377.67391887208,6951.927961775606,0.0
162377.67391887208,11288.378916846883,0.0
162377.67391887208,18329.807108324374,0.0
162377.67391887208,29763.51441631319,0.0
162377.67391887208,48329.30238571752,0.0
162377.67391887208,78475.99703514607,0.0
162377.67391887208,127427.49857031347,0.0
162377.67391887208,206913.808111479,0.0
162377.67391887208,335981.8286283781,0.0
162377.67391887208,545559.4781168514,0.0
162377.67391887208,885866.7904100833,0.0
162377.67391887208,1.438449888287663e6,0.0
162377.67391887208,2.3357214690901213e6,0.0
162377.67391887208,3.792690190732246e6,0.0
162377.67391887208,6.158482110660267e6,0.0
162377.67391887208,1.0e7,0.0
297635.14416313195,1000.0,0.0
297635.14416313195,1623.7767391887226,0.0
297635.14416313195,2636.650898730358,0.0
297635.14416313195,4281.332398719395,0.0
297635.14416313195,6951.927961775606,0.0
297635.14416313195,11288.378916846883,0.0
297635.14416313195,18329.807108324374,0.0
297635.14416313195,29763.51441631319,0.0
297635.14416313195,48329.30238571752,0.0
297635.14416313195,78475.99703514607,0.0
297635.14416313195,127427.49857031347,0.0
297635.14416313195,206913.808111479,0.0
297635.14416313195,335981.8286283781,0.0
297635.14416313195,545559.4781168514,0.0
297635.14416313195,885866.7904100833,0.0
297635.14416313195,1.438449888287663e6,0.0
297635.14416313195,2.3357214690901213e6,0.0
297635.14416313195,3.792690190732246e6,0.0
297635.14416313195,6.158482110660267e6,0.0
297635.14416313195,1.0e7,0.0
545559.4781168514,1000.0,0.0
545559.4781168514,1623.7767391887226,0.0
545559.4781168514,2636.650898730358,0.0
545559.4781168514,4281.332398719395,0.0
545559.4781168514,6951.927961775606,0.0
545559.4781168514,11288.378916846883,0.0
545559.4781168514,18329.807108324374,0.0
545559.4781168514,29763.51441631319,0.0
545559.4781168514,48329.30238571752,0.0
545559.4781168514,78475.99703514607,0.0
545559.4781168514,127427.49857031347,0.0
545559.4781168514,206913.808111479,0.0
545559.4781168514,335981.8286283781,0.0
545559.4781168514,545559.4781168514,0.0
545559.4781168514,885866.7904100833,0.0
545559.4781168514,1.438449888287663e6,0.0
545559.4781168514,2.3357214690901213e6,0.0
545559.4781168514,3.792690190732246e6,0.0
545559.4781168514,6.158482110660267e6,0.0
545559.4781168514,1.0e7,0.0
1.0e6,1000.0,0.0
1.0e6,1623.7767391887226,0.0
1.0e6,2636.650898730358,0.0
1.0e6,4281.332398719395,0.0
1.0e6,6951.927961775606,0.0
1.0e6,11288.378916846883,0.0
1.0e6,18329.807108324374,0.0
1.0e6,29763.51441631319,0.0
1.0e6,48329.30238571752,0.0
1.0e6,78475.99703514607,0.0
1.0e6,127427.49857031347,0.0
1.0e6,206913.808111479,0.0
1.0e6,335981.8286283781,0.0
1.0e6,545559.4781168514,0.0
1.0e6,885866.7904100833,0.0
1.0e6,1.438449888287663e6,0.0
1.0e6,2.3357214690901213e6,0.0
1.0e6,3.792690190732246e6,0.0
1.0e6,6.158482110660267e6,0.0
1.0e6,1.0e7,0.0
