t,M
1,-0.09499103652422534
2,0.16957092215531988
3,-0.291854487772125
4,0.4988104284394733
5,0.42135002751533057
6,-0.03777633713146642
7,-0.11344355847195677
8,0.18620593873128416
9,0.28013146021130114
10,-0.16867901813721736
11,0.22090183308885264
12,0.09891366499590286
13,0.2515706103963311
14,-0.1587503077600329
15,-0.01122321045431306
16,0.1049172706248666
17,-0.020962418360903658
18,0.1498416494997522
19,-0.21969786941312994
20,-0.05332546233329797
21,-0.11302840216890823
22,0.04123258785260813
23,0.30882107452894597
24,-0.02958517180413859
25,0.03592935079470525
26,0.3481155840982302
27,0.05648125648933768
28,0.2405435295143523
29,0.05093712610414449
30,-0.2544898574159417
31,0.20208661864355215
32,0.14615364669548242
33,0.04175896261927827
34,0.25375351827938636
35,0.03966798812615957
36,-0.03425205328369853
37,-0.040441149967952804
38,-0.14625176927877537
39,0.11006328234407714
40,0.16738091552600762
41,0.21427891495931442
42,-0.03384185569443209
43,-0.09343375192266433
44,0.12046613816768452
45,-0.12374422746760887
46,0.05890644442549802
47,0.1358433102378199
48,-0.2396869440550837
49,-0.06848940204087683
50,-0.12211869737820784
51,-0.07622815576082892
52,0.24569028536779045
53,0.25376227178076166
54,-0.08641200421492806
55,0.048142221725394084
56,-0.15030087124913996
57,0.07555665325777665
58,0.031545369497947465
59,0.204066484230825
60,0.048588530441930344
61,-0.1027580010217639
62,0.07505632445826715
63,0.18763969399612102
64,-0.0437177857043654
65,-0.11228080345932673
66,0.24689761181107958
67,-0.18608375986006062
68,-0.3159530248254944
69,0.05651392929991315
70,-0.06757351548447794
71,-0.45701563115475385
72,-0.0710362068494773
73,0.1233972041431816
74,0.1279336042058963
75,0.4677324183381188
76,0.4543295649870725
77,0.15291200856223827
78,0.07491776544812848
79,-0.1610199480990401
80,-0.13464674501018825
81,0.19936595207517144
82,-0.17249569749643576
83,-0.09202881464865231
84,-0.11918238093613405
85,-0.08100810074662057
86,0.3815058287897985
87,-0.11397783709560902
88,0.3773895975784335
89,-0.1561008384046131
90,0.13225223212999934
91,0.24316759158442278
92,0.13665202502684276
93,0.03449688671943065
94,0.03428968879891372
95,-0.23257091513825712
96,-0.07609664209115506
97,-0.38338136420092983
98,0.4191759858899262
99,0.03926680878592288
100,0.08326179806278315
101,0.19459850081378952
102,0.43993331119002854
103,0.41991159084042573
104,-0.09004901180828086
105,0.08784480265271884
106,0.04678316940634908
107,0.2502917089670707
108,0.03118221827740879
109,0.14920613452529916
110,0.3370376664008567
111,-0.29511561523562935
112,0.235857475256173
113,-0.4387881147837407
114,-0.18138217037511004
115,-0.0032124131655200563
116,-0.15886451607285554
117,0.07970294625680108
118,0.175555804631314
119,-0.14569262279920223
120,0.011275482154360961
121,-0.20071266551316425
122,-0.3722298633617188
123,0.047171935832266754
124,0.2038564324396189
125,-0.30849565299606824
126,-0.024583626480076393
127,-0.34085903048861116
128,-0.15042897632468288
129,-0.1755109517636684
130,-0.36214949960870085
131,0.3958525916514948
132,0.10812225880982687
133,0.0322524537804151
134,0.09036417045858712
135,0.30493746758232637
136,0.269424605557518
137,-0.016176855447233806
138,0.3038010496865224
139,-0.11640538471676665
140,0.01670929581645708
141,-0.3950762527468844
142,-0.2303290593530902
143,-0.06333128004512083
144,0.09811239672492758
145,0.035704536723656415
146,-0.006502097707038391
147,0.02304264979428845
148,0.1465876769921886
149,0.08047015512473366
150,0.15901442822611653
151,-0.337715216408938
152,0.5082805965341308
153,0.1401627228445332
154,0.08744323144807423
155,0.030780026466708833
156,0.031027697621885886
157,0.353717842491094
158,-0.14384889096333506
159,-0.1503928119046026
160,0.0964397049534735
161,-0.19546437279807236
162,0.28520692052040025
163,0.04139882637122427
164,-0.045070892156874175
165,0.05999837030973765
166,0.07381278019510806
167,0.16136706170399312
168,-0.035027392711647655
169,-0.20257286513703388
170,0.14597693743347553
171,-0.16887174509957953
172,-0.4430919257884741
173,-0.4234300000610181
174,-0.04975214175601952
175,0.6426796733892794
176,-0.12538756759319544
177,-0.09750616260749277
178,-0.16341585305941844
179,-0.3311250458624693
180,-0.007816162474468124
181,-0.01722302154834563
182,-0.1129118274262778
183,0.2909006579767192
184,0.24117733855920795
185,0.2401136121119508
186,-0.2536822680981589
187,0.06557432351327411
188,0.1249362968637843
189,0.4079742745887534
190,0.13374239307268906
191,0.13533126063106682
192,-0.031055508739891026
193,0.17275011049628694
194,0.25099116537994953
195,0.13397055676216355
196,0.23251574799850042
197,-0.05155491537153208
198,0.13056070572234418
199,-0.06492502130102283
200,0.27243628131595515
201,0.18724699234508876
202,0.21715365180131949
203,0.2042833568101588
204,-0.11057443262463999
205,-0.35101743620225667
206,0.27955459676034344
207,0.07210018776495052
208,-0.46341900498905186
209,0.3818980250565174
210,-0.295851391151933
211,0.271894872532938
212,0.12829675955586797
213,-0.12029325630504799
214,-0.06318390950998479
215,-0.1317269336441054
216,0.1388772013602712
217,-0.028913249272262798
218,0.000897961777405798
219,-0.2686209668817337
220,0.31481211754089866
221,0.24928753331022382
222,-0.421381608964226
223,0.1313753613199967
224,-0.14545775579604073
225,0.03567292335962724
226,0.1251535732306639
227,-0.49833466331307485
228,0.0014623414765524202
229,-0.2874958160211968
230,0.015118786899236092
231,0.0226527814261529
232,-0.09014886225188924
233,-0.12931105494223388
234,-0.12075541122182872
235,-0.11163393486727272
236,0.043871969063276665
237,0.002290220436968493
238,-0.41471254518996903
239,0.028031723471408566
240,-0.2882694881730582
241,0.10801447414440772
242,-0.5628907590105736
243,0.1212618709822088
244,0.03717041622375477
245,0.0984712812141338
246,-0.2110104224946997
247,-0.05737720787615758
248,-0.4154955276906034
249,-0.0739849902474583
250,0.0770177397297616
251,-0.22475524595101065
252,-0.07371107235677596
253,0.31802034947112595
254,0.019939688355593854
255,0.13121056231537373
256,0.12264515010545399
257,-0.14355334203910514
258,-0.10622903868903397
259,-0.2968977106435699
260,-0.21360391201616397
261,-0.09356103953567606
262,-0.25242784683592523
263,-0.09054984014539984
264,-0.10169879366881406
265,-0.16638674972579184
266,0.30613376731571135
267,-0.23596794933932028
268,0.10764605570722222
269,-0.2167085604495601
270,0.009975991868890822
271,-0.24087380496632468
272,-0.06517641344617582
273,0.3935765395885475
274,0.23340695138158582
275,-0.20498407524248102
276,0.24744330294457778
277,-0.019463816177834926
278,-0.3769011978679738
279,-0.14295238146652722
280,0.0968134701542265
281,-0.33787295691871794
282,0.006593060828265851
283,0.13309618240344798
284,-0.13137421471257227
285,0.10174450258190137
286,0.037829270858111164
287,0.0072980526187192305
288,0.256429100280471
289,-0.3945864499571052
290,0.4223065731515287
291,-0.25943375132203933
292,-0.11706657450038001
293,0.011041567215740766
294,-0.26581553395159785
295,0.0044541859578755005
296,0.2916228434728402
297,-0.21619364866764637
298,-0.35736941030139424
299,0.13406943285389214
300,0.09937554043667236
301,0.0015320409092917987
302,-0.032610459800634276
303,-0.06558603384095225
304,-0.08481475845392654
305,-0.06726098294292894
306,-0.08237964374586014
307,-0.44320464396629705
308,-0.05769877757746291
309,-0.004488555461234634
310,-0.1359254353770505
311,-0.202221058504129
312,-0.33239617799102017
313,-0.018987686504978653
314,0.10972854713396256
315,0.06798023306537251
316,-0.1526631055008319
317,0.11463391270147559
318,-0.013863299759561465
319,-0.053060681396522195
320,-0.3983981842887879
321,0.08308713879949385
322,0.13093992263083343
323,-0.05578842620485668
324,-0.0598882137584472
325,-0.05633472190273884
326,0.08100318478571503
327,0.15284421326064165
328,-0.5705642485515272
329,-0.2397610364138883
330,0.2960002062703681
331,0.09131034480886134
332,-0.14090067931167613
333,-0.16926143854265494
334,0.1536935175841644
335,-0.18494182457390432
336,-0.17647743010870323
337,-0.3268918563659652
338,0.2881070150146245
339,0.013772245970198105
340,-0.025819719889724115
341,-0.3664298477100582
342,0.18698487596920493
343,-0.1052686873405061
344,0.12203546747567809
345,-0.12676207272901913
346,-0.09490858640965609
347,-0.1788001991227489
348,0.11080017444642556
349,0.022120938854772954
350,-0.26571926192791107
351,-0.17098526560464694
352,-0.30335788406140796
353,0.3280283271392474
354,0.026740572616788905
355,-0.058345763890616596
356,-0.21120754171263273
357,0.059656477635487495
358,-0.2573048419233711
359,0.13566430708608704
360,-0.018328797824209864
361,0.42566600614824057
362,-0.08805741895844288
363,0.42485681014565474
364,-0.1025968276689983
365,0.02925944332990742
366,0.2547381482780364
367,-0.08826296580485737
368,-0.130349469722166
369,-0.018960563486735284
370,-0.011990516075207581
371,-0.10131224083215877
372,-0.08781177444334828
373,-0.27589924753170225
374,-0.1989117330320575
375,-0.018018557407943735
376,0.261239773214059
377,-0.19975349712209026
378,-0.288711023083117
379,-0.4007471677908695
380,-0.008452390690956301
381,-0.05857110862384144
382,-0.2837529307205015
383,-0.09463475972089976
384,-0.08403180533974244
385,-0.24383787456376632
386,0.0787046606769106
387,0.004769125598634161
388,0.06705244297519396
389,-0.06758189709670671
390,-0.0534237430116087
391,-0.5636076354432819
392,0.14147312439061097
393,-0.020289284596542858
394,-0.11821484762206451
395,0.13873972308932286
396,0.10040962958849446
397,-0.05325917840025076
398,0.034457244822717614
399,0.20452110356608125
400,-0.020435612564400987
401,0.12150781643080262
402,-0.14602792904974884
403,-0.05389239933667957
404,-0.07006355009499492
405,-0.0272899437734631
406,-0.3134160872485714
407,-0.0036071185797828423
408,0.07029903492614789
409,-0.32469258895966596
410,-0.3789441071063858
411,-0.24017214545900042
412,-0.08628550596819047
413,-0.20925733834416807
414,-0.0027984323098723452
415,-0.17828535858116717
416,-0.17575346089045593
417,-0.13490451486087704
418,-0.13634990676734507
419,0.3992287007150987
420,0.02593912620957786
421,-0.07117962225086102
422,0.0534686358672646
423,-0.05254050820313895
424,0.27602717313230946
425,-0.26206278769359437
426,-0.09687441824503845
427,-0.13255882696978857
428,-0.20179145228825
429,-0.12110194527423908
430,-0.6403738246687061
431,-0.03849060635685858
432,-0.34577415486667934
433,-0.1100299486416991
434,-0.5665879339524705
435,0.03716163317442574
436,0.14932379035687657
437,-0.1911316267137828
438,-0.23076895356164967
439,-0.07244920107416852
440,0.12822915359462814
441,0.02670060651171391
442,0.1808392815069618
443,-0.16267190273056145
444,-0.006287492034301423
445,0.20566846559610752
446,0.0009118881639469612
447,0.09129250248046938
448,0.12167735575298565
449,-0.0822726571257779
450,-0.04249884847777248
451,-0.06208688928759453
452,-0.11133121029009457
453,-0.14395598767356607
454,-0.06416284007090692
455,-0.20861799151643945
456,-0.23182043896297808
457,-0.326405905284678
458,-0.19967354211206348
459,-0.24593548701817275
460,-0.21559288230689827
461,-0.057641102245325426
462,0.2586200098260266
463,-0.003378061699276236
464,-0.2281376651008197
465,-0.17690187474024707
466,-0.18358151568906889
467,-0.12213982235720504
468,-0.2531431637075015
469,-0.37424968209824083
470,0.03193342577205258
471,-0.23394606292554024
472,0.04122206400275297
473,-0.21561738619651785
474,-0.32897718467396486
475,-0.13329073030443334
476,-0.1543336347689154
477,-0.3568968384247787
478,-0.28862863811423556
479,0.009579665474722932
480,-0.17650790947643344
481,-0.1087046255895142
482,-0.1038344276012405
483,-0.09569337530694663
484,0.0599273566546721
485,-0.19449751269725837
486,0.16497188487360823
487,-0.3826675761313221
488,-0.018234939735606383
489,-0.02820663923935728
490,-0.2904830240480234
491,-0.26134074949588315
492,0.15561218312484534
493,0.3512008743192808
494,-0.08004540775766225
495,0.010738812005086374
496,-0.2879366419961312
497,-0.1299005688161117
498,-0.1224194018158898
499,-0.22239357236098942
500,0.0897331764434308
501,-0.16613344829475926
502,0.20791738613038507
503,0.1862374993880032
504,-0.20938215340919636
505,-0.16994169951070548
506,-0.3938067501692236
507,-0.039519694037629574
508,0.22414775464484643
509,-0.030601244621039258
510,0.06525683276592267
511,0.3062256602531375
512,0.2080249955384462
513,0.27392870300233335
514,-0.11132818492659985
515,-0.22588435092539175
516,0.36704023241555567
517,-0.15769302907655366
518,-0.008416425236836623
519,0.28021559980110383
520,0.2968144254733264
521,0.09022431607983726
522,0.13715810311130897
523,-0.012237065230925293
524,-0.11754199155265993
525,-0.07189422273355987
526,-0.005767055005724886
527,-0.07254811201624854
528,0.002287218764984522
529,0.4600048779303828
530,0.1417475513676529
531,0.3293540154716799
532,-0.0424563142991108
533,0.14233950389918762
534,-0.244208371470266
535,0.06084773165266679
536,-0.12647946912746302
537,-0.1059416805690742
538,0.27397264582812947
539,0.5228178851262965
540,0.37538110647270745
541,0.40131232295461006
542,0.09777978469419231
543,0.25519199709033047
544,0.15288468145282194
545,-0.15054611972631532
546,-0.042521713993487024
547,0.162356287652394
548,0.051399322576406184
549,-0.17311043455557162
550,0.21317696143356185
551,-0.26464005336283497
552,0.18690824782181553
553,0.05898802007173942
554,0.01749071547032386
555,0.03944057608902647
556,-0.2950243809247375
557,0.32093434597451725
558,-0.07112126490488903
559,-0.13936837909303093
560,0.4433512570212731
561,-0.04395409313686421
562,-0.15962225397581223
563,0.4066321755008565
564,0.06644178432534249
565,0.07217191393609
566,0.2636646653304928
567,-0.06307586144353615
568,0.4253780874899275
569,-0.02845017285089233
570,0.02218807956599267
571,-0.039590937273247584
572,0.1719717635609296
573,0.13247385010413404
574,-0.1468072596308003
575,0.041256335302367164
576,0.10756854597217613
577,0.4523949161313779
578,0.26006443926889017
579,0.1581021308101645
580,-0.32567384235645136
581,0.19146782454424002
582,0.05709361658439007
583,0.22658623333429928
584,0.058522456550007894
585,0.23338167789752987
586,0.17561600835806127
587,0.08079456760520616
588,0.35521176626341383
589,0.07313919197672725
590,0.11536864803086337
591,-0.18028693816646255
592,0.20828252866191324
593,0.30690476931793637
594,0.11330864027042038
595,-0.06928791934536442
596,-0.018928823948684382
597,-0.09476237540523101
598,-0.051234140360403316
599,0.3553642505697125
600,-0.09619652255729165
601,0.19281303371835987
602,0.11282748033487662
603,0.3220092947307842
604,0.2791684880232234
605,0.055971385712960946
606,0.4305473877760809
607,0.3479981319908033
608,0.03539493660745925
609,-0.07213860576398375
610,-0.00889930290413722
611,0.056127991651956345
612,-0.006709292561658487
613,0.04647022460788517
614,0.12989906658926179
615,0.17963153814497293
616,-0.23334787293550122
617,-0.08805071497795135
618,0.030432998997581184
619,0.25851816590353727
620,0.17524758014498346
621,-0.4549364528152201
622,0.328888472409065
623,0.2344430918272699
624,0.004660094526769166
625,0.11700258637922249
626,0.30240986007998355
627,-0.24167333462962584
628,0.03924770603295842
629,0.2917666785572154
630,0.15866004426642039
631,-0.14600002804390386
632,0.429561991496444
633,0.0232613459992032
634,-0.025498189554472694
635,0.03090846813487911
636,-0.10781137775322316
637,-0.3628753087167833
638,0.009200724891329082
639,0.366545354359436
640,0.3810432035242108
641,0.3893199104033019
642,-0.04911510742810563
643,-0.03774280295163234
644,0.14927024073270906
645,-0.17917236242867202
646,0.02023249195595762
647,0.09783729434745168
648,0.10502508170414425
649,0.039414674489044434
650,0.01126874673620455
651,0.03135366644585187
652,-0.129411700380705
653,-0.21217233079668793
654,-0.31854568170557734
655,0.09493286706717667
656,0.21776592677784265
657,0.4925335258739946
658,-0.08045176139522735
659,-0.2940368008646868
660,0.16134316870269005
661,-0.0677495431237172
662,0.31847408417400463
663,-0.028220211872726587
664,0.06347748439943356
665,-0.12475246410832261
666,0.403683179724011
667,-0.3846523383817211
668,-0.07228259560996726
669,0.1952462037284792
670,-0.21223779597698295
671,0.29117098319173507
672,0.09857618066531902
673,-0.1911397181734598
674,0.20655092904625696
675,-0.2451732676448961
676,-0.06198547988710725
677,0.0030080849247341667
678,-0.05360570966908775
679,0.0915071403572352
680,-0.05196093918524275
681,0.29874753950079397
682,-0.007683492097300781
683,0.1898137766271387
684,-0.019490441517684
685,0.35327814443371724
686,0.025481911140527093
687,0.22985073550230326
688,-0.07259575678364243
689,0.02820678057673338
690,-0.16825381412261167
691,0.11510982659165424
692,0.16612383761135166
693,0.5640676664900288
694,0.21583314903973624
695,0.004183029334951294
696,0.08974053694890212
697,0.001825425675724235
698,-0.01005602584045241
699,0.03276780563612065
700,-0.2797362829688711
701,-0.1892846709811208
702,0.0671673664807949
703,-0.19943553220652036
704,-0.057375735038838076
705,0.13059771095671735
706,-0.24054196166043249
707,-0.35242696430134185
708,-0.29023983280396903
709,0.2818964569129651
710,0.1427068041432984
711,-0.11464840611636093
712,-0.001322689274694988
713,0.3152406736378146
714,0.03592435398799785
715,-0.1996824013225407
716,-0.03624492067856482
717,-0.24335072353190781
718,-0.26809255528760606
719,-0.10362933372345522
720,0.03581554192807703
721,0.20718902142844484
722,0.03784946387452455
723,-0.1264346438756176
724,-0.21102897450452918
725,-0.19195346769604144
726,-0.4196700578952765
727,-0.3571853288036134
728,0.1058000827065287
729,-0.39801157394228254
730,-0.150055432223532
731,-0.13253189631693701
732,-0.2119146923236532
733,-0.13065825943876663
734,-0.2379189508869117
735,0.11538358676675489
736,-0.0092745376601582
737,-0.477084022784564
738,-0.19530577724824197
739,0.060550264930170794
740,-0.28048735536398195
741,-0.13973693474069052
742,-0.26277282422845066
743,-0.058785343865624
744,-0.4530752096289977
745,-0.2858132987133484
746,0.07874085128416301
747,-0.18046970891285347
748,-0.07256293427834075
749,0.05020787582862061
750,-0.1820504809957963
751,-0.10644473805435553
752,0.05020028929394873
753,-0.1613310087573536
754,-0.1462432398812328
755,-0.2813587073824482
756,-0.37185244677497975
757,-0.09772202673961983
758,-0.3698020617206371
759,-0.1828669589483299
760,-0.15190235491438783
761,-0.42079653652614124
762,-0.1323905941016335
763,-0.4233145007331687
764,-0.33254115226354647
765,-0.11881519336987212
766,-0.5221396571249325
767,-0.006566875336415101
768,-0.17390654113007606
769,-0.0012866044280721246
770,-0.05859268316719307
771,-0.21576976875166212
772,-0.06046315138848787
773,-0.2698287933210602
774,-0.2140802664452047
775,-0.36196874728795564
776,0.1144321974343921
777,-0.2689438357187233
778,-0.014031525021099889
779,-0.239822088560909
780,-0.14566945206269166
781,0.006594957426696357
782,-0.016402532923662238
783,-0.37936207017600976
784,-0.07805336169541598
785,-0.26918713441915504
786,-0.0681964882061996
787,0.4549047213162015
788,0.04948412269996583
789,-0.36615047620621133
790,-0.16924699274587246
791,-0.31552349755057874
792,-0.17977868128042537
793,-0.0859766658858012
794,0.04515891560823611
795,0.039465931502418554
796,0.010548339506082005
797,-0.16519090778120388
798,0.08491053211148818
799,-0.23706648920098874
800,-0.2602045144526533
801,-0.2243200127895133
802,0.07954320453101725
803,-0.30329768384926376
804,-0.30023928918352355
805,0.1242079996178077
806,-0.07455556292227561
807,-0.09712058170024813
808,-0.040157198091906064
809,-0.1943663516476191
810,-0.07389249490059048
811,-0.366904623137507
812,0.33999317601672574
813,0.008295170522968331
814,-0.15676921005463443
815,-0.28030920242741597
816,-0.0012771667993963676
817,-0.20400803777032395
818,-0.24101112365868418
819,0.03852294528464313
820,-0.39265598494442544
821,-0.11450305263254905
822,-0.12834075978367573
823,-0.34645500351861974
824,-0.5086760990163737
825,0.3361543276391314
826,-0.2907756683286189
827,-0.2395472339244451
828,0.003464604679346306
829,-0.4503553727537632
830,-0.25742820503065067
831,0.08340360806094142
832,-0.226371166518359
833,0.020379501255323663
834,-0.21635568453945794
835,0.19417685028262963
836,-0.170631094828986
837,0.03436389515460634
838,-0.43229889401850596
839,0.023464503853396847
840,-0.01743971801270223
841,-0.14607264155783167
842,-0.33623725853585656
843,0.16561207940955577
844,-0.21172316533627822
845,-0.15024550105649387
846,-0.30775194578918175
847,0.25383063818114054
848,-0.09219375285753748
849,0.16598251643074743
850,0.10526418050128748
851,-0.16128895081521374
852,-0.39454700822512323
853,-0.13226969282424259
854,0.0717982702562711
855,-0.05068727115405224
856,0.07772931472689358
857,-0.3484085603610308
858,0.11566040307684262
859,-0.11573102850347247
860,-0.4186517300862989
861,-0.09590968392429372
862,-0.16494412985566748
863,0.05114878647051986
864,0.0563396545773633
865,-0.08710428169896554
866,-0.07893484217910988
867,-0.2716396367802767
868,-0.43560613334651505
869,-0.23991224827749993
870,-0.2877881424062313
871,-0.2570003543129289
872,-0.1874894756618054
873,0.13383438494426933
874,-0.05363344237373679
875,-0.0576026372512926
876,-0.2749293200917852
877,-0.15699117705262197
878,-0.20440235017573227
879,-0.1511214104489094
880,0.29239649585948135
881,0.09404962796806958
882,0.0623500359475907
883,0.026226065178740356
884,-0.3562403617202308
885,0.3243465304908416
886,-0.07424288793535132
887,-0.024314200313193746
888,-0.2907484821612215
889,0.036475231648295296
890,0.0014572603073180535
891,-0.1482899085167454
892,-0.0808483207069066
893,-0.02230112340094568
894,-0.11161410170561992
895,-0.22706779657292298
896,-0.10894151472645124
897,-0.02344959424451304
898,-0.2167589251372393
899,-0.034698626571334615
900,-0.0635459062437152
901,0.1765687330679474
902,-0.215764564120681
903,0.2570955894526947
904,0.11581581561748448
905,0.04076790774121528
906,-0.2868796006454368
907,0.06266471237028821
908,-0.02770967207544737
909,-0.07957341308205258
910,-0.08295439279379407
911,0.07576004955290949
912,0.24592241893464076
913,0.12112642838672825
914,0.18508107581905972
915,-0.0066085792189009675
916,0.09185102345532391
917,-0.02975038458788549
918,-0.01910691622877472
919,0.014728974667654748
920,0.3193392825197765
921,0.5351477803965234
922,0.0929969709141668
923,0.18102642565646618
924,-0.0724641384072238
925,0.13065599310955142
926,0.21731532069200737
927,0.008028221156163818
928,0.03782329331819532
929,0.1418958333492957
930,0.10168334114849674
931,0.3165731707703521
932,0.0070073671057999
933,0.2766433555963819
934,0.441199282729917
935,0.11729153502150151
936,-0.01625395141647337
937,0.2329748493344049
938,0.21280653473882088
939,-0.10584677755214754
940,0.3331504679443945
941,0.03693410618132449
942,0.2522704021910123
943,0.240077838710377
944,0.3461071072742991
945,0.1810926850155324
946,0.019638856384681127
947,0.40822955112561626
948,-0.2484080774753444
949,0.025029992338998476
950,0.010793117912099248
951,0.3123217076541472
952,-0.0924689206200038
953,-0.18944138690846804
954,0.07723125620856752
955,0.16040522625411574
956,-0.09693349749174554
957,-0.0056764855485954445
958,0.2795405538291999
959,0.016046340508097324
960,0.305517136972586
961,-0.13596038863283225
962,0.07092558679148563
963,0.48834458913543344
964,-0.034342079635690706
965,0.14962463021240446
966,-0.06454322483169923
967,0.32085905665090386
968,-0.11595705145155778
969,0.21126650051107335
970,-0.2665530118006697
971,0.02335932560836942
972,-0.02692964708294079
973,0.11282857924653329
974,0.15854511476055397
975,0.029835864431197037
976,-0.020930971190200588
977,0.33291217275784674
978,-0.044258321893468254
979,0.10835948829524648
980,0.029745707014782942
981,0.1280188527915733
982,0.03455483437458897
983,0.2150906917638904
984,0.14153135703922393
985,0.37469953267996703
986,-0.26172184367257145
987,0.28186388128399403
988,-0.3064917684069507
989,0.009981506188499757
990,0.5374252292962126
991,0.3336456234712348
992,0.35237842788004997
993,0.07760960313940546
994,0.16186588414990874
995,0.1275211553135331
996,-0.07582363751123243
997,0.1493147297302382
998,-0.23873106095419533
999,0.37236630550294775
1000,0.11964597764714369
