Step,BestEnergy
1,-28.77399999999998
2,-34.228000000000065
3,-39.96999999999999
4,-39.96999999999999
5,-39.96999999999999
6,-39.96999999999999
7,-39.96999999999999
8,-39.96999999999999
9,-39.96999999999999
10,-39.96999999999999
11,-52.83399999999993
12,-52.83400000000001
13,-52.83400000000001
14,-67.16200000000003
15,-67.16200000000003
16,-67.16200000000003
17,-67.16200000000003
18,-67.16200000000003
19,-67.16200000000003
20,-67.16200000000003
21,-67.16200000000003
22,-67.23800000000003
23,-67.23800000000003
24,-67.23800000000003
25,-67.23800000000003
26,-67.23800000000003
27,-67.23800000000003
28,-67.23800000000003
29,-67.23800000000003
30,-67.23800000000003
31,-67.23800000000003
32,-67.23800000000003
33,-67.23800000000003
34,-67.23800000000003
35,-67.23800000000003
36,-67.23800000000003
37,-67.23800000000003
38,-67.23800000000003
39,-67.23800000000003
40,-67.23800000000003
41,-67.23800000000003
42,-67.23800000000003
43,-67.23800000000003
44,-67.23800000000003
45,-67.23800000000003
46,-67.23800000000003
47,-67.23800000000003
48,-67.23800000000003
49,-67.23800000000003
50,-67.23800000000003
51,-67.23800000000003
52,-67.23800000000003
53,-67.23800000000003
54,-67.23800000000003
55,-67.23800000000003
56,-67.23800000000003
57,-67.23800000000003
58,-67.23800000000003
59,-67.23800000000003
60,-67.23800000000003
61,-67.23800000000003
62,-67.23800000000003
63,-67.23800000000003
64,-67.23800000000003
65,-67.23800000000003
66,-75.04000000000012
67,-75.04000000000012
68,-75.04000000000012
69,-75.04000000000012
70,-75.04000000000012
71,-75.04000000000012
72,-75.04000000000012
73,-75.04000000000012
74,-75.04000000000012
75,-75.04000000000012
76,-75.04000000000012
77,-75.04000000000012
78,-75.04000000000012
79,-75.04000000000012
80,-75.04000000000012
81,-75.04000000000012
82,-75.04000000000012
83,-75.04000000000012
84,-75.04000000000012
85,-75.04000000000012
86,-75.04000000000012
87,-75.04000000000012
88,-75.04000000000012
89,-75.04000000000012
90,-75.04000000000012
91,-75.04000000000012
92,-75.04000000000012
93,-75.04000000000012
94,-75.04000000000012
95,-75.04000000000012
96,-75.04000000000012
97,-75.04000000000012
98,-75.04000000000012
99,-75.04000000000012
100,-75.04000000000012
101,-75.04000000000012
102,-75.04000000000012
103,-75.04000000000012
104,-75.04000000000012
105,-75.04000000000012
106,-75.04000000000012
107,-75.04000000000012
108,-75.04000000000012
109,-75.04000000000012
110,-75.04000000000012
111,-75.04000000000012
112,-75.04000000000012
113,-75.04000000000012
114,-75.04000000000012
115,-75.04000000000012
116,-75.04000000000012
117,-75.04000000000012
118,-75.04000000000012
119,-75.04000000000012
120,-75.04000000000012
121,-75.04000000000012
122,-75.04000000000012
123,-75.04000000000012
124,-75.04000000000012
125,-75.04000000000012
126,-75.04000000000012
127,-75.04000000000012
128,-75.04000000000012
129,-75.04000000000012
130,-75.04000000000012
131,-75.04000000000012
132,-75.04000000000012
133,-75.04000000000012
134,-75.04000000000012
135,-75.04000000000012
136,-75.04000000000012
137,-75.04000000000012
138,-75.04000000000012
139,-75.04000000000012
140,-75.04000000000012
141,-75.04000000000012
142,-75.04000000000012
143,-75.04000000000012
144,-75.04000000000012
145,-75.04000000000012
146,-75.04000000000012
147,-75.04000000000012
148,-75.04000000000012
149,-75.04000000000012
150,-75.04000000000012
151,-75.04000000000012
152,-75.04000000000012
153,-75.04000000000012
154,-75.04000000000012
155,-75.04000000000012
156,-75.04000000000012
157,-75.04000000000012
158,-75.04000000000012
159,-75.04000000000012
160,-75.04000000000012
161,-75.04000000000012
162,-75.04000000000012
163,-75.04000000000012
164,-75.04000000000012
165,-75.04000000000012
166,-75.04000000000012
167,-75.04000000000012
168,-75.04000000000012
169,-75.04000000000012
170,-75.04000000000012
171,-75.04000000000012
172,-75.04000000000012
173,-75.04000000000012
174,-75.04000000000012
175,-75.04000000000012
176,-75.04000000000012
177,-75.04000000000012
178,-75.04000000000012
179,-75.04000000000012
180,-75.04000000000012
181,-75.04000000000012
182,-75.04000000000012
183,-75.04000000000012
184,-75.04000000000012
185,-75.04000000000012
186,-75.04000000000012
187,-75.04000000000012
188,-75.04000000000012
189,-75.04000000000012
190,-75.04000000000012
191,-75.04000000000012
192,-75.04000000000012
193,-75.04000000000012
194,-75.04000000000012
195,-75.04000000000012
196,-75.04000000000012
197,-75.04000000000012
198,-75.04000000000012
199,-75.04000000000012
200,-75.04000000000012
201,-75.04000000000012
202,-75.04000000000012
203,-75.04000000000012
204,-75.04000000000012
205,-75.04000000000012
206,-75.04000000000012
207,-75.04000000000012
208,-75.04000000000012
209,-75.04000000000012
210,-75.04000000000012
211,-75.04000000000012
212,-75.04000000000012
213,-75.04000000000012
214,-75.04000000000012
215,-75.04000000000012
216,-75.04000000000012
217,-75.04000000000012
218,-75.04000000000012
219,-75.04000000000012
220,-75.04000000000012
221,-75.04000000000012
222,-75.04000000000012
223,-75.04000000000012
224,-75.04000000000012
225,-75.04000000000012
226,-75.04000000000012
227,-75.04000000000012
228,-75.04000000000012
229,-75.04000000000012
230,-75.04000000000012
231,-75.04000000000012
232,-75.04000000000012
233,-75.04000000000012
234,-75.04000000000012
235,-75.04000000000012
236,-75.04000000000012
237,-75.04000000000012
238,-75.04000000000012
239,-75.04000000000012
240,-75.04000000000012
241,-75.04000000000012
242,-75.04000000000012
243,-75.04000000000012
244,-75.04000000000012
245,-75.04000000000012
246,-75.04000000000012
247,-75.04000000000012
248,-75.04000000000012
249,-75.04000000000012
250,-75.04000000000012
251,-75.04000000000012
252,-75.04000000000012
253,-75.04000000000012
254,-75.04000000000012
255,-75.04000000000012
256,-75.04000000000012
257,-75.04000000000012
258,-75.04000000000012
259,-75.04000000000012
260,-75.04000000000012
261,-75.04000000000012
262,-75.04000000000012
263,-75.04000000000012
264,-75.04000000000012
265,-75.04000000000012
266,-75.04000000000012
267,-75.04000000000012
268,-75.04000000000012
269,-75.04000000000012
270,-75.04000000000012
271,-75.04000000000012
272,-75.04000000000012
273,-75.04000000000012
274,-75.04000000000012
275,-75.04000000000012
276,-75.04000000000012
277,-75.04000000000012
278,-75.04000000000012
279,-75.04000000000012
280,-75.04000000000012
281,-75.04000000000012
282,-75.04000000000012
283,-75.04000000000012
284,-75.04000000000012
285,-75.04000000000012
286,-75.04000000000012
287,-75.04000000000012
288,-75.04000000000012
289,-75.04000000000012
290,-75.04000000000012
291,-75.04000000000012
292,-75.04000000000012
293,-75.04000000000012
294,-75.04000000000012
295,-75.04000000000012
296,-75.04000000000012
297,-75.04000000000012
298,-75.04000000000012
299,-75.04000000000012
300,-75.04000000000012
301,-75.04000000000012
302,-75.04000000000012
303,-75.04000000000012
304,-75.04000000000012
305,-75.04000000000012
306,-75.04000000000012
307,-75.04000000000012
308,-75.04000000000012
309,-75.04000000000012
310,-75.04000000000012
311,-75.04000000000012
312,-75.04000000000012
313,-75.04000000000012
314,-75.04000000000012
315,-75.04000000000012
316,-75.04000000000012
317,-75.04000000000012
318,-75.04000000000012
319,-75.04000000000012
320,-75.04000000000012
321,-75.04000000000012
322,-75.04000000000012
323,-75.04000000000012
324,-75.04000000000012
325,-75.04000000000012
326,-75.04000000000012
327,-75.04000000000012
328,-75.04000000000012
329,-75.04000000000012
330,-75.04000000000012
331,-75.04000000000012
332,-75.04000000000012
333,-75.04000000000012
334,-75.04000000000012
335,-75.04000000000012
336,-75.04000000000012
337,-75.04000000000012
338,-75.04000000000012
339,-75.04000000000012
340,-75.04000000000012
341,-75.04000000000012
342,-75.04000000000012
343,-75.04000000000012
344,-75.04000000000012
345,-75.04000000000012
346,-75.04000000000012
347,-75.04000000000012
348,-75.04000000000012
349,-75.04000000000012
350,-75.04000000000012
351,-75.04000000000012
352,-75.04000000000012
353,-75.04000000000012
354,-75.04000000000012
355,-75.04000000000012
356,-75.04000000000012
357,-75.04000000000015
358,-75.04000000000015
359,-75.04000000000015
360,-75.04000000000015
361,-75.04000000000015
362,-75.04000000000015
363,-75.04000000000015
364,-75.04000000000015
365,-83.15799999999994
366,-83.15799999999994
367,-83.15799999999994
368,-83.15799999999994
369,-83.15799999999994
370,-83.15799999999994
371,-83.15799999999994
372,-83.15799999999994
373,-83.15799999999994
374,-83.15799999999994
375,-83.15799999999994
376,-83.15799999999994
377,-83.15799999999994
378,-83.15799999999994
379,-83.15799999999994
380,-83.15799999999994
381,-83.15799999999994
382,-83.15799999999994
383,-83.15799999999994
384,-83.15799999999994
385,-83.15799999999994
386,-83.15799999999994
387,-83.15799999999994
388,-83.15799999999994
389,-83.15799999999994
390,-83.15799999999994
391,-83.15799999999994
392,-83.15799999999994
393,-83.15799999999994
394,-83.15799999999994
395,-83.15799999999994
396,-83.15799999999994
397,-83.15799999999994
398,-83.15799999999994
399,-83.15799999999994
400,-83.15799999999994
401,-83.15799999999994
402,-83.15799999999994
403,-83.15799999999994
404,-83.15799999999994
405,-83.15799999999994
406,-83.15799999999994
407,-83.15799999999994
408,-83.15799999999994
409,-83.15799999999994
410,-83.15799999999994
411,-83.15799999999994
412,-83.15799999999994
413,-83.15799999999994
414,-83.15799999999994
415,-83.15799999999994
416,-83.15799999999994
417,-83.15799999999994
418,-83.15799999999994
419,-83.15799999999994
420,-83.15799999999994
421,-83.15799999999994
422,-83.15799999999994
423,-83.15799999999994
424,-83.15799999999994
425,-83.15799999999994
426,-83.15799999999994
427,-83.15799999999994
428,-83.15799999999994
429,-83.15799999999994
430,-83.15799999999994
431,-83.15799999999994
432,-83.15799999999994
433,-83.15799999999994
434,-83.15799999999994
435,-83.15799999999994
436,-83.15799999999994
437,-83.15799999999994
438,-83.15799999999994
439,-83.15799999999994
440,-83.15799999999994
441,-83.15799999999994
442,-83.15799999999994
443,-83.15799999999994
444,-83.15799999999994
445,-83.15799999999994
446,-83.15799999999994
447,-83.15799999999994
448,-83.15799999999994
449,-83.15799999999994
450,-83.15799999999994
451,-83.15799999999994
452,-83.15799999999994
453,-83.15799999999994
454,-83.15799999999994
455,-83.15799999999994
456,-83.15799999999994
457,-83.15799999999994
458,-83.15799999999994
459,-83.15799999999994
460,-83.15799999999994
461,-83.15799999999994
462,-83.15799999999994
463,-83.15799999999994
464,-83.15799999999994
465,-83.15799999999994
466,-83.15799999999994
467,-83.15799999999994
468,-83.15799999999994
469,-83.15799999999994
470,-83.15799999999994
471,-83.15799999999994
472,-83.15799999999994
473,-83.15799999999994
474,-83.15799999999994
475,-83.15799999999994
476,-83.15799999999994
477,-83.15799999999994
478,-83.15799999999994
479,-83.15799999999994
480,-83.15799999999994
481,-83.15799999999994
482,-83.15799999999994
483,-83.15799999999994
484,-83.15799999999994
485,-83.15799999999994
486,-83.15799999999994
487,-83.15799999999994
488,-83.15799999999994
489,-83.15799999999994
490,-83.15799999999994
491,-83.15799999999994
492,-83.15799999999994
493,-83.15799999999994
494,-83.15799999999994
495,-83.15799999999994
496,-83.15799999999994
497,-83.15799999999994
498,-83.15799999999994
499,-83.15799999999994
500,-83.15799999999994
501,-83.15799999999994
502,-83.15799999999994
503,-83.15799999999994
504,-83.15799999999994
505,-83.15799999999994
506,-83.15799999999994
507,-83.15799999999994
508,-83.15799999999994
509,-83.15799999999994
510,-83.15799999999994
511,-83.15799999999994
512,-83.15799999999994
513,-83.15799999999994
514,-83.15799999999994
515,-83.15799999999994
516,-83.15799999999994
517,-83.24199999999988
518,-83.24199999999988
519,-83.24199999999988
520,-83.24199999999988
521,-83.24199999999988
522,-83.24199999999988
523,-83.24199999999988
524,-83.24199999999988
525,-83.24199999999988
526,-83.24199999999988
527,-83.24199999999988
528,-83.24199999999988
529,-83.24199999999988
530,-83.24199999999988
531,-83.24199999999988
532,-83.24199999999988
533,-83.24199999999988
534,-91.84400000000005
535,-91.84400000000005
536,-91.84400000000005
537,-91.84400000000005
538,-91.84400000000005
539,-91.84400000000005
540,-91.84400000000005
541,-91.84400000000005
542,-91.84400000000005
543,-120.0500000000002
544,-120.0500000000002
545,-120.0500000000002
546,-120.0500000000002
547,-120.0500000000002
548,-120.0500000000002
549,-120.0500000000002
550,-120.0500000000002
551,-120.0500000000002
552,-120.0500000000002
553,-120.0500000000002
554,-120.0500000000002
555,-120.0500000000002
556,-120.0500000000002
557,-120.0500000000002
558,-120.0500000000002
559,-120.0500000000002
560,-120.0500000000002
561,-120.0500000000002
562,-120.0500000000002
563,-120.0500000000002
564,-120.0500000000002
565,-120.0500000000002
566,-120.0500000000002
567,-120.0500000000002
568,-120.0500000000002
569,-120.0500000000002
570,-120.0500000000002
571,-120.0500000000002
572,-120.0500000000002
573,-120.0500000000002
574,-120.0500000000002
575,-120.0500000000002
576,-120.0500000000002
577,-120.0500000000002
578,-120.0500000000002
579,-120.0500000000002
580,-120.0500000000002
581,-120.0500000000002
582,-120.0500000000002
583,-120.0500000000002
584,-120.0500000000002
585,-120.0500000000002
586,-120.0500000000002
587,-120.0500000000002
588,-120.0500000000002
589,-120.0500000000002
590,-120.0500000000002
591,-120.0500000000002
592,-120.0500000000002
593,-120.0500000000002
594,-120.0500000000002
595,-120.0500000000002
596,-120.0500000000002
597,-120.0500000000002
598,-120.0500000000002
599,-120.0500000000002
600,-120.0500000000002
601,-120.0500000000002
602,-120.0500000000002
603,-120.0500000000002
604,-120.0500000000002
605,-120.0500000000002
606,-120.0500000000002
607,-120.0500000000002
608,-120.0500000000002
609,-120.0500000000002
610,-120.0500000000002
611,-120.0500000000002
612,-120.0500000000002
613,-120.0500000000002
614,-120.0500000000002
615,-120.0500000000002
616,-120.0500000000002
617,-120.0500000000002
618,-120.0500000000002
619,-120.0500000000002
620,-120.0500000000002
621,-120.0500000000002
622,-120.0500000000002
623,-120.0500000000002
624,-120.0500000000002
625,-120.0500000000002
626,-120.0500000000002
627,-120.0500000000002
628,-120.0500000000002
629,-120.0500000000002
630,-120.0500000000002
631,-120.0500000000002
632,-120.0500000000002
633,-120.0500000000002
634,-120.0500000000002
635,-120.0500000000002
636,-120.0500000000002
637,-120.0500000000002
638,-120.0500000000002
639,-120.0500000000002
640,-130.2519999999998
641,-130.2519999999998
642,-130.2519999999998
643,-130.2519999999998
644,-130.2519999999998
645,-130.2519999999998
646,-130.2519999999998
647,-130.2519999999998
648,-130.2519999999998
649,-130.2519999999998
650,-130.2519999999998
651,-130.2519999999998
652,-130.2519999999998
653,-130.2519999999998
654,-130.2519999999998
655,-130.2519999999998
656,-130.2519999999998
657,-130.2519999999998
658,-130.2519999999998
659,-130.2519999999998
660,-130.2519999999998
661,-130.2519999999998
662,-130.2519999999998
663,-130.2519999999998
664,-130.2519999999998
665,-130.2519999999998
666,-130.2519999999998
667,-130.2519999999998
668,-130.2519999999998
669,-130.2519999999998
670,-130.2519999999998
671,-163.25799999999984
672,-163.25799999999984
673,-163.25799999999984
674,-163.25799999999984
675,-163.25799999999984
676,-163.25799999999984
677,-175.0599999999999
678,-175.0599999999999
679,-175.0599999999999
680,-175.0599999999999
681,-175.0599999999999
682,-175.0599999999999
683,-175.0599999999999
684,-175.0599999999999
685,-175.0599999999999
686,-175.0599999999999
687,-175.0599999999999
688,-175.0599999999999
689,-175.0599999999999
690,-175.0599999999999
691,-175.06
692,-175.06
693,-175.06
694,-175.06
695,-175.06
696,-175.06
697,-175.06
698,-175.06
699,-175.06
700,-175.06
701,-175.06
702,-175.06
703,-175.06
704,-175.06
705,-175.06
706,-175.06
707,-175.06
708,-175.06
709,-175.06
710,-175.06
711,-175.06
712,-175.06
713,-175.06
714,-175.06
715,-175.06
716,-175.06
717,-175.06
718,-175.06
719,-175.06
720,-175.06
721,-175.06
722,-175.06
723,-175.06
724,-175.06
725,-175.06
726,-175.06
727,-175.06
728,-175.06
729,-175.06
730,-175.06
731,-175.06
732,-175.06
733,-175.06
734,-175.06
735,-175.06
736,-175.06
737,-175.06
738,-175.06
739,-175.06
740,-175.06
741,-175.06
742,-175.06
743,-175.06
744,-175.06
745,-175.06
746,-175.06
747,-175.06
748,-175.06
749,-175.06
750,-175.06
751,-175.06
752,-175.06
753,-175.06
754,-175.06
755,-175.06
756,-175.06
757,-175.06
758,-175.06
759,-175.06
760,-175.06
761,-175.06
762,-175.06
763,-175.06
764,-175.06
765,-175.06
766,-175.06
767,-175.06
768,-175.06
769,-175.06
770,-175.06
771,-199.86400000000026
772,-199.86400000000026
773,-199.86400000000026
774,-199.86400000000026
775,-199.86400000000026
776,-199.86400000000026
777,-199.86400000000026
778,-199.86400000000026
779,-199.86400000000026
780,-199.86400000000026
781,-199.86400000000026
782,-199.86400000000026
783,-199.86400000000026
784,-199.86400000000026
785,-199.86400000000026
786,-199.86400000000026
787,-199.86400000000026
788,-199.86400000000026
789,-199.86400000000026
790,-199.86400000000026
791,-199.86400000000026
792,-199.86400000000026
793,-199.86400000000026
794,-199.86400000000026
795,-199.86400000000026
796,-199.86400000000026
797,-199.86400000000026
798,-199.86400000000026
799,-199.86400000000026
800,-199.86400000000026
801,-212.86600000000007
802,-212.86600000000007
803,-212.86600000000007
804,-212.86600000000007
805,-212.86600000000007
806,-212.86600000000007
807,-212.86600000000007
808,-212.86600000000007
809,-212.86600000000007
810,-212.86600000000007
811,-212.86600000000007
812,-212.86600000000007
813,-212.86600000000007
814,-212.86600000000007
815,-212.86600000000007
816,-212.86600000000007
817,-212.86600000000007
818,-212.86600000000007
819,-212.86600000000007
820,-212.86600000000007
821,-212.86600000000007
822,-212.86600000000007
823,-212.86600000000007
824,-212.86600000000007
825,-212.86600000000007
826,-212.86600000000007
827,-212.86600000000007
828,-212.86600000000007
829,-212.86600000000007
830,-212.86600000000007
831,-212.86600000000007
832,-212.86600000000007
833,-212.86600000000007
834,-212.86600000000007
835,-212.86600000000007
836,-212.86600000000007
837,-212.86600000000007
838,-212.86600000000007
839,-212.86600000000007
840,-212.86600000000007
841,-212.86600000000007
842,-212.86600000000007
843,-212.86600000000007
844,-212.86600000000007
845,-212.86600000000007
846,-212.86600000000007
847,-212.86600000000007
848,-212.86600000000007
849,-212.86600000000007
850,-212.86600000000007
851,-212.86600000000007
852,-212.86600000000007
853,-212.86600000000007
854,-212.86600000000007
855,-212.86600000000007
856,-240.06999999999954
857,-240.06999999999954
858,-240.06999999999954
859,-240.06999999999954
860,-240.06999999999954
861,-240.06999999999954
862,-240.06999999999954
863,-240.06999999999954
864,-240.06999999999954
865,-240.06999999999954
866,-240.06999999999954
867,-240.06999999999954
868,-240.06999999999954
869,-240.06999999999954
870,-240.06999999999954
871,-240.06999999999954
872,-240.06999999999954
873,-240.06999999999954
874,-240.06999999999954
875,-240.06999999999954
876,-240.06999999999954
877,-240.06999999999954
878,-240.06999999999954
879,-240.06999999999954
880,-254.2720000000004
881,-254.2720000000004
882,-254.2720000000004
883,-254.2720000000004
884,-254.2720000000004
885,-254.2720000000004
886,-254.2720000000004
887,-254.2720000000004
888,-254.2720000000004
889,-254.2720000000004
890,-254.2720000000004
891,-254.2720000000004
892,-254.2720000000004
893,-254.2720000000004
894,-254.2720000000004
895,-254.2720000000004
896,-254.2720000000004
897,-268.8740000000002
898,-268.8740000000002
899,-268.8740000000002
900,-268.8740000000002
901,-268.8740000000002
902,-268.8740000000002
903,-268.8740000000002
904,-268.8740000000002
905,-268.8740000000002
906,-268.8740000000002
907,-268.8740000000002
908,-268.8740000000002
909,-315.07999999999936
910,-315.07999999999936
911,-315.07999999999936
912,-315.07999999999936
913,-315.07999999999936
914,-315.07999999999936
915,-315.07999999999936
916,-315.07999999999936
917,-315.07999999999936
918,-315.07999999999936
919,-315.07999999999936
920,-315.07999999999936
921,-315.07999999999936
922,-315.07999999999936
923,-315.07999999999936
924,-315.07999999999936
925,-315.07999999999936
926,-315.07999999999936
927,-315.07999999999936
928,-315.07999999999936
929,-315.07999999999936
930,-315.07999999999936
931,-315.07999999999936
932,-315.07999999999936
933,-315.07999999999936
934,-315.07999999999936
935,-315.07999999999936
936,-315.07999999999936
937,-315.07999999999936
938,-315.07999999999936
939,-315.07999999999936
940,-315.07999999999936
941,-315.0799999999994
942,-315.0799999999994
943,-315.0799999999994
944,-315.0799999999994
945,-315.0799999999994
946,-315.0799999999994
947,-315.0799999999994
948,-315.0799999999994
949,-315.0799999999994
950,-315.0799999999994
951,-315.0799999999994
952,-315.0799999999994
953,-315.0799999999994
954,-315.0799999999994
955,-315.0799999999994
956,-315.0799999999994
957,-315.0799999999994
958,-315.0799999999994
959,-315.0799999999994
960,-315.0799999999994
961,-315.0799999999994
962,-315.0799999999994
963,-315.0799999999994
964,-315.0799999999994
965,-315.0799999999994
966,-315.0799999999994
967,-315.0799999999994
968,-315.0799999999994
969,-315.0799999999994
970,-315.0799999999994
971,-315.0799999999994
972,-315.0799999999994
973,-315.0799999999994
974,-331.2820000000007
975,-331.2820000000007
976,-331.2820000000007
977,-331.2820000000007
978,-331.2820000000007
979,-331.2820000000007
980,-331.2820000000007
981,-331.2820000000007
982,-331.2820000000007
983,-364.88599999999997
984,-364.88599999999997
985,-364.88599999999997
986,-364.88599999999997
987,-364.88599999999997
988,-364.88599999999997
989,-364.88599999999997
990,-364.88599999999997
991,-364.88599999999997
992,-364.88599999999997
993,-364.88599999999997
994,-364.88599999999997
995,-364.88599999999997
996,-364.88599999999997
997,-364.88599999999997
998,-364.88599999999997
999,-364.88599999999997
1000,-364.88599999999997
